property-id,locality_name,postal_code,price,type_prop,subtype_prop,type_sale,room_count,living_area,kitchen,furnished,open_fire,terrace,garden,surface_of_good,facade_count,swimming_pool,state_building
20663138,Brussels,1070,549000,HOUSE,APARTMENT_BLOCK,FOR_SALE,5,320,,False,False,1,37,37,2,False,GOOD
20663161,Antwerp,2060,345000,HOUSE,APARTMENT_BLOCK,FOR_SALE,4,120,USA_SEMI_EQUIPPED,,False,,,43,3,,TO_BE_DONE_UP
20669431,Brussels,1020,545000,HOUSE,APARTMENT_BLOCK,FOR_SALE,9,265,NOT_INSTALLED,,False,11,70,180,2,False,TO_RENOVATE
20663327,Gent,9000,595000,HOUSE,APARTMENT_BLOCK,FOR_SALE,4,150,INSTALLED,False,False,,,44,2,False,TO_BE_DONE_UP
20657708,Antwerp,2660,1199000,HOUSE,APARTMENT_BLOCK,FOR_SALE,14,78,,,False,,60,408,3,,TO_RENOVATE
20573829,Brussels,1050,2150000,HOUSE,APARTMENT_BLOCK,FOR_SALE,10,595,HYPER_EQUIPPED,,False,29,26,215,2,,JUST_RENOVATED
20666264,Brussels,1020,665000,HOUSE,APARTMENT_BLOCK,FOR_SALE,6,300,INSTALLED,False,False,30,75,200,2,False,TO_BE_DONE_UP
20669261,Liège,4000,229000,HOUSE,APARTMENT_BLOCK,FOR_SALE,4,130,SEMI_EQUIPPED,False,False,,,80,2,False,GOOD
20661658,Liège,4000,195000,HOUSE,APARTMENT_BLOCK,FOR_SALE,3,122,INSTALLED,False,False,25,,90,2,False,TO_BE_DONE_UP
20666822,Liège,4000,219000,HOUSE,APARTMENT_BLOCK,FOR_SALE,5,172,SEMI_EQUIPPED,False,False,17,60,194,2,False,TO_BE_DONE_UP
20669261,Liège,4000,229000,HOUSE,APARTMENT_BLOCK,FOR_SALE,4,130,SEMI_EQUIPPED,False,False,,,80,2,False,GOOD
20661168,Mechelen,2500,820000,HOUSE,APARTMENT_BLOCK,FOR_SALE,5,246,SEMI_EQUIPPED,,False,12,12,423,3,,TO_RENOVATE
20662223,Brussels,1060,1450000,HOUSE,APARTMENT_BLOCK,FOR_SALE,9,370,SEMI_EQUIPPED,False,False,15,30,183,2,False,GOOD
20663139,Brussels,1210,565000,HOUSE,APARTMENT_BLOCK,FOR_SALE,8,350,,False,False,,30,30,3,False,TO_BE_DONE_UP
20663133,Brussels,1030,565000,HOUSE,APARTMENT_BLOCK,FOR_SALE,8,350,,False,False,,30,30,3,False,TO_BE_DONE_UP
20669423,Brussels,1030,625000,HOUSE,APARTMENT_BLOCK,FOR_SALE,5,387,HYPER_EQUIPPED,,False,35,,0,2,False,AS_NEW
20663158,Brussels,1180,1490000,HOUSE,APARTMENT_BLOCK,FOR_SALE,6,450,,False,False,,35,153,3,False,GOOD
20669417,Aalst,9300,295000,APARTMENT,APARTMENT,FOR_SALE,3,85,HYPER_EQUIPPED,False,False,3,,,3,,AS_NEW
20641135,Brussels,1070,199000,APARTMENT,APARTMENT,FOR_SALE,2,85,SEMI_EQUIPPED,,False,,,,4,,GOOD
20669300,Brussels,1070,289000,APARTMENT,APARTMENT,FOR_SALE,3,,HYPER_EQUIPPED,,False,,,,,False,GOOD
20669669,Thuin,6150,130000,APARTMENT,APARTMENT,FOR_SALE,1,66,INSTALLED,False,False,,,,2,False,GOOD
20669392,Antwerp,2100,249500,APARTMENT,APARTMENT,FOR_SALE,1,59,SEMI_EQUIPPED,,False,8,,,2,,AS_NEW
20669208,Antwerp,2060,237000,APARTMENT,APARTMENT,FOR_SALE,2,64,,,False,,,,,,GOOD
20669194,Kortrijk,8580,335000,APARTMENT,APARTMENT,FOR_SALE,3,181,NOT_INSTALLED,,False,,,,3,False,AS_NEW
20609078,Brussels,1000,640000,APARTMENT,APARTMENT,FOR_SALE,3,152,SEMI_EQUIPPED,,False,5,,,3,,GOOD
20669271,Brussels,1000,1100000,APARTMENT,APARTMENT,FOR_SALE,3,251,INSTALLED,,False,18,,,3,False,GOOD
20669449,Mechelen,2570,320000,APARTMENT,APARTMENT,FOR_SALE,2,103,INSTALLED,,False,,,,2,,GOOD
20669350,Brussels,1140,215000,APARTMENT,APARTMENT,FOR_SALE,1,67,NOT_INSTALLED,False,False,3,,,3,False,AS_NEW
20669664,Brussels,1140,325000,APARTMENT,APARTMENT,FOR_SALE,3,112,NOT_INSTALLED,,False,8,,,2,False,TO_RENOVATE
20669483,Brussels,1190,435000,APARTMENT,APARTMENT,FOR_SALE,2,91,INSTALLED,,False,3,,,2,False,TO_BE_DONE_UP
20669784,Brussels,1190,215000,APARTMENT,APARTMENT,FOR_SALE,1,67,SEMI_EQUIPPED,,False,7,,,2,,TO_BE_DONE_UP
20669624,Gent,9000,210000,APARTMENT,APARTMENT,FOR_SALE,1,21,INSTALLED,,False,,,,2,,AS_NEW
20669626,Gent,9000,205000,APARTMENT,APARTMENT,FOR_SALE,1,22,INSTALLED,,False,,,,2,,AS_NEW
20669627,Gent,9000,160000,APARTMENT,APARTMENT,FOR_SALE,1,15,INSTALLED,,False,,,,2,,AS_NEW
20669628,Gent,9000,205000,APARTMENT,APARTMENT,FOR_SALE,1,20,INSTALLED,,False,,,,2,,AS_NEW
20669629,Gent,9000,200000,APARTMENT,APARTMENT,FOR_SALE,1,21,INSTALLED,,False,,,,2,,AS_NEW
20669630,Gent,9000,200000,APARTMENT,APARTMENT,FOR_SALE,1,17,INSTALLED,,False,,,,2,,AS_NEW
20669631,Gent,9000,175000,APARTMENT,APARTMENT,FOR_SALE,1,18,INSTALLED,,False,,,,2,,AS_NEW
20669632,Gent,9000,200000,APARTMENT,APARTMENT,FOR_SALE,1,23,INSTALLED,,False,,,,2,,AS_NEW
20669633,Gent,9000,160000,APARTMENT,APARTMENT,FOR_SALE,1,15,INSTALLED,,False,,,,2,,AS_NEW
20669640,Gent,9000,200000,APARTMENT,APARTMENT,FOR_SALE,1,24,INSTALLED,,False,,,,2,,AS_NEW
20572486,Kortrijk,8560,249000,APARTMENT,APARTMENT,FOR_SALE,2,89,,,False,37,,,2,,AS_NEW
20669789,Hasselt,3500,199000,APARTMENT,APARTMENT,FOR_SALE,2,75,INSTALLED,False,False,18,,,2,False,GOOD
20669198,Mechelen,2220,275000,APARTMENT,APARTMENT,FOR_SALE,2,,,,False,,,,,,JUST_RENOVATED
20669214,Aalst,9550,250000,APARTMENT,APARTMENT,FOR_SALE,2,70,INSTALLED,,False,,,,3,,
20669661,Turnhout,2320,565000,APARTMENT,APARTMENT,FOR_SALE,2,119,HYPER_EQUIPPED,False,False,25,,,,False,AS_NEW
20669459,Maaseik,3530,325000,APARTMENT,APARTMENT,FOR_SALE,3,168,,,False,14,,,,,AS_NEW
20618551,Brussels,1050,640000,APARTMENT,APARTMENT,FOR_SALE,3,152,SEMI_EQUIPPED,,False,5,,,3,,GOOD
20669464,Brussels,1050,350000,APARTMENT,APARTMENT,FOR_SALE,2,93,NOT_INSTALLED,False,False,2,,,2,,TO_BE_DONE_UP
20669484,Brussels,1050,370000,APARTMENT,APARTMENT,FOR_SALE,1,132,SEMI_EQUIPPED,,False,10,,,2,,JUST_RENOVATED
20669447,Brugge,8300,475000,APARTMENT,APARTMENT,FOR_SALE,2,67,,,False,8,,,,,
20669401,Leuven,3001,211000,APARTMENT,APARTMENT,FOR_SALE,0,38,,,False,,,,1,,GOOD
20669315,Sint-Niklaas,9160,222000,APARTMENT,APARTMENT,FOR_SALE,2,62,INSTALLED,,False,3,,,2,,GOOD
20669533,Halle-Vilvoorde,1785,353500,APARTMENT,APARTMENT,FOR_SALE,2,101,HYPER_EQUIPPED,,False,19,,,4,,
20669535,Halle-Vilvoorde,1785,369000,APARTMENT,APARTMENT,FOR_SALE,2,103,HYPER_EQUIPPED,,False,15,,,4,,
20669536,Halle-Vilvoorde,1785,349000,APARTMENT,APARTMENT,FOR_SALE,2,95,HYPER_EQUIPPED,,False,19,,,4,,
20669537,Halle-Vilvoorde,1785,329000,APARTMENT,APARTMENT,FOR_SALE,2,90,HYPER_EQUIPPED,,False,11,,,4,,
20669541,Halle-Vilvoorde,1785,298500,APARTMENT,APARTMENT,FOR_SALE,1,93,HYPER_EQUIPPED,,False,17,,,4,,
20669303,Oostend,8430,290000,APARTMENT,APARTMENT,FOR_SALE,2,70,INSTALLED,,False,,,,,,GOOD
20669210,Turnhout,2400,269000,APARTMENT,APARTMENT,FOR_SALE,2,81,INSTALLED,,False,15,,,,,
20669679,Turnhout,2400,284500,APARTMENT,APARTMENT,FOR_SALE,2,82,,False,False,24,,,2,,
20664656,Mons,7000,115000,APARTMENT,APARTMENT,FOR_SALE,1,54,INSTALLED,False,False,,,,2,,TO_BE_DONE_UP
20669273,Namur,5000,469000,APARTMENT,APARTMENT,FOR_SALE,3,130,HYPER_EQUIPPED,,False,1,1,,,False,GOOD
20669234,Aalst,9400,420000,APARTMENT,APARTMENT,FOR_SALE,2,126,HYPER_EQUIPPED,False,False,,,,3,,AS_NEW
20669780,Nivelles,1430,149000,APARTMENT,APARTMENT,FOR_SALE,2,,,,False,,,,,,GOOD
20650186,Liège,4100,139000,APARTMENT,APARTMENT,FOR_SALE,1,55,,,False,1,,,2,False,GOOD
20669675,Liège,4101,129000,APARTMENT,APARTMENT,FOR_SALE,2,87,NOT_INSTALLED,False,False,5,,,3,False,GOOD
20669356,Dendermonde,9260,159000,APARTMENT,APARTMENT,FOR_SALE,3,122,INSTALLED,,False,,,,,,TO_RENOVATE
20669359,Dendermonde,9260,389000,APARTMENT,APARTMENT,FOR_SALE,6,244,INSTALLED,False,False,,,,,False,
20669248,Brugge,8200,225000,APARTMENT,APARTMENT,FOR_SALE,1,75,HYPER_EQUIPPED,False,False,,,,4,False,AS_NEW
20669218,Brussels,1080,229000,APARTMENT,APARTMENT,FOR_SALE,2,,,,False,16,,,2,,AS_NEW
20669773,Brussels,1080,425000,APARTMENT,APARTMENT,FOR_SALE,2,140,,,False,75,,,,,GOOD
20669509,Antwerp,2840,289000,APARTMENT,APARTMENT,FOR_SALE,3,142,SEMI_EQUIPPED,,False,,,,2,,GOOD
20669285,Tournai,7500,259000,APARTMENT,APARTMENT,FOR_SALE,3,112,,,False,9,,,4,,
20669289,Tournai,7500,259000,APARTMENT,APARTMENT,FOR_SALE,3,112,,,False,9,,,4,,
20669658,Tournai,7500,435000,APARTMENT,APARTMENT,FOR_SALE,3,124,HYPER_EQUIPPED,,False,,,,2,,
20669267,Turnhout,2300,365000,APARTMENT,APARTMENT,FOR_SALE,3,141,SEMI_EQUIPPED,,False,23,,,2,,GOOD
20669262,Brussels,1180,370000,APARTMENT,APARTMENT,FOR_SALE,3,111,HYPER_EQUIPPED,,False,10,,,2,False,GOOD
20669380,Antwerp,2550,295000,APARTMENT,APARTMENT,FOR_SALE,2,90,INSTALLED,,False,,,,,,GOOD
20669653,Kortrijk,8790,399500,APARTMENT,APARTMENT,FOR_SALE,2,100,HYPER_EQUIPPED,False,False,,25,,2,True,AS_NEW
20669654,Kortrijk,8790,399000,APARTMENT,APARTMENT,FOR_SALE,2,141,HYPER_EQUIPPED,,False,,,,4,,
11194323,Halle-Vilvoorde,1780,270000,APARTMENT,APARTMENT,FOR_SALE,3,102,,False,False,8,,,4,,GOOD
20669324,Brussels,1200,357000,APARTMENT,APARTMENT,FOR_SALE,1,72,HYPER_EQUIPPED,False,False,6,,,2,False,
20669674,Brussels,1200,330000,APARTMENT,APARTMENT,FOR_SALE,1,67,HYPER_EQUIPPED,False,False,8,,,2,False,
20669722,Brussels,1200,290000,APARTMENT,APARTMENT,FOR_SALE,2,75,,,False,,,,,,
20669349,Brussels,1150,465000,APARTMENT,APARTMENT,FOR_SALE,3,127,HYPER_EQUIPPED,False,False,,,,3,False,AS_NEW
20669617,Brussels,1150,390000,APARTMENT,APARTMENT,FOR_SALE,3,95,HYPER_EQUIPPED,False,False,3,,,2,False,AS_NEW
20668150,Liège,4400,355000,HOUSE,BUNGALOW,FOR_SALE,3,121,INSTALLED,False,False,,350,800,4,False,AS_NEW
20666798,Liège,4458,399000,HOUSE,BUNGALOW,FOR_SALE,5,170,INSTALLED,False,False,99,1775,2318,4,False,TO_BE_DONE_UP
20652023,Verviers,4851,79000,HOUSE,BUNGALOW,FOR_SALE,3,70,NOT_INSTALLED,False,True,80,60,276,4,False,TO_BE_DONE_UP
20669520,Leuven,3350,435000,HOUSE,COUNTRY_COTTAGE,FOR_SALE,3,232,,False,False,,,1832,3,False,
20669494,Thuin,6470,148000,HOUSE,COUNTRY_COTTAGE,FOR_SALE,3,147,INSTALLED,,True,1,1,1673,4,False,GOOD
20669641,Brussels,1070,229000,APARTMENT,DUPLEX,FOR_SALE,2,97,INSTALLED,False,False,,,,2,False,AS_NEW
20669377,Brussels,1000,695000,APARTMENT,DUPLEX,FOR_SALE,3,186,HYPER_EQUIPPED,False,False,65,,,3,False,GOOD
20669457,Roeselare,8870,273000,APARTMENT,DUPLEX,FOR_SALE,2,99,,,False,,,,,,AS_NEW
20669474,Ieper,8970,355000,APARTMENT,DUPLEX,FOR_SALE,4,164,,,False,,,,,,JUST_RENOVATED
20669358,Dendermonde,9260,675000,APARTMENT,DUPLEX,FOR_SALE,2,189,INSTALLED,False,False,,,,,,
20669354,Brussels,1180,1450000,APARTMENT,DUPLEX,FOR_SALE,2,230,HYPER_EQUIPPED,,False,56,,,,False,AS_NEW
20669688,Antwerp,2930,2400000,HOUSE,EXCEPTIONAL_PROPERTY,FOR_SALE,5,480,HYPER_EQUIPPED,,True,65,,5045,4,,AS_NEW
20660028,Virton,6720,475000,HOUSE,EXCEPTIONAL_PROPERTY,FOR_SALE,3,143,HYPER_EQUIPPED,,True,,5102,5233,4,,AS_NEW
20665507,Neufchâteau,6890,449000,HOUSE,EXCEPTIONAL_PROPERTY,FOR_SALE,5,400,INSTALLED,False,False,581,540,1387,4,False,AS_NEW
20598052,Liège,4101,450000,HOUSE,EXCEPTIONAL_PROPERTY,FOR_SALE,5,550,HYPER_EQUIPPED,False,False,20,,807,3,False,AS_NEW
20669304,Aalst,9340,699000,HOUSE,EXCEPTIONAL_PROPERTY,FOR_SALE,4,230,HYPER_EQUIPPED,,False,23,280,507,2,,
20669689,Liège,4140,99000,HOUSE,FARMHOUSE,FOR_SALE,4,300,NOT_INSTALLED,False,False,40,,157,2,False,TO_RESTORE
20669341,Gent,9000,230000,APARTMENT,FLAT_STUDIO,FOR_SALE,0,29,INSTALLED,,False,,,,2,,AS_NEW
20669619,Gent,9000,220000,APARTMENT,FLAT_STUDIO,FOR_SALE,0,23,INSTALLED,,False,,,,2,,AS_NEW
20669620,Gent,9000,220000,APARTMENT,FLAT_STUDIO,FOR_SALE,0,24,INSTALLED,,False,,,,2,,AS_NEW
20669621,Gent,9000,220000,APARTMENT,FLAT_STUDIO,FOR_SALE,0,24,INSTALLED,,False,,,,2,,AS_NEW
20669622,Gent,9000,200000,APARTMENT,FLAT_STUDIO,FOR_SALE,0,38,INSTALLED,,False,,,,2,,AS_NEW
20669623,Gent,9000,200000,APARTMENT,FLAT_STUDIO,FOR_SALE,0,25,INSTALLED,,False,,,,2,,AS_NEW
20669625,Gent,9000,220000,APARTMENT,FLAT_STUDIO,FOR_SALE,0,25,INSTALLED,,False,,,,2,,AS_NEW
20669673,Brussels,1200,249500,APARTMENT,FLAT_STUDIO,FOR_SALE,0,48,HYPER_EQUIPPED,False,False,,,,2,False,
20669376,Dendermonde,9260,169000,APARTMENT,GROUND_FLOOR,FOR_SALE,3,122,INSTALLED,,False,,,,,,TO_RENOVATE
20669660,Turnhout,2300,841028,APARTMENT,GROUND_FLOOR,FOR_SALE,3,231,,False,False,30,,,3,,AS_NEW
20455043,Nivelles,1410,625000,APARTMENT,GROUND_FLOOR,FOR_SALE,2,96,,,False,20,200,,,,GOOD
20567768,Brussels,1200,470400,APARTMENT,GROUND_FLOOR,FOR_SALE,2,91,HYPER_EQUIPPED,,False,19,34,,2,False,AS_NEW
20669326,Tongeren,3798,399000,HOUSE,HOUSE,FOR_SALE,3,169,HYPER_EQUIPPED,False,False,202,,328,4,,GOOD
20655395,Aalst,9300,399000,HOUSE,HOUSE,FOR_SALE,3,149,HYPER_EQUIPPED,False,False,20,180,260,2,False,AS_NEW
20669345,Aalst,9320,1099000,HOUSE,HOUSE,FOR_SALE,5,380,,False,False,135,,1297,4,True,
20668648,Antwerp,2630,449000,HOUSE,HOUSE,FOR_SALE,3,195,INSTALLED,,False,,92,233,2,,GOOD
20669236,Charleroi,6250,137000,HOUSE,HOUSE,FOR_SALE,3,156,SEMI_EQUIPPED,False,False,10,352,525,3,False,TO_RENOVATE
20667802,Huy,4540,165000,HOUSE,HOUSE,FOR_SALE,2,100,INSTALLED,False,False,,,1529,4,False,GOOD
20662194,Huy,4540,,HOUSE,HOUSE,FOR_SALE,2,201,SEMI_EQUIPPED,,False,30,150,379,3,,GOOD
20663001,Brussels,1070,320000,HOUSE,HOUSE,FOR_SALE,7,250,SEMI_EQUIPPED,False,False,30,100,200,2,False,TO_RENOVATE
20663137,Brussels,1070,549000,HOUSE,HOUSE,FOR_SALE,5,320,,False,False,1,37,37,2,False,GOOD
20666528,Liège,4000,169000,HOUSE,HOUSE,FOR_SALE,3,113,NOT_INSTALLED,False,False,10,230,275,2,False,TO_BE_DONE_UP
20664795,Liège,4430,285000,HOUSE,HOUSE,FOR_SALE,3,280,INSTALLED,False,False,,100,280,2,False,AS_NEW
20665006,Antwerp,2020,319000,HOUSE,HOUSE,FOR_SALE,3,130,SEMI_EQUIPPED,,False,,90,170,2,,JUST_RENOVATED
20664644,Antwerp,2030,335000,HOUSE,HOUSE,FOR_SALE,2,129,INSTALLED,,False,,,157,3,,JUST_RENOVATED
20669314,Antwerp,2030,339000,HOUSE,HOUSE,FOR_SALE,3,126,,,True,,55,125,2,,GOOD
20669682,Antwerp,2060,294900,HOUSE,HOUSE,FOR_SALE,8,276,INSTALLED,False,False,,7,99,2,False,TO_BE_DONE_UP
20669301,Antwerp,2180,389000,HOUSE,HOUSE,FOR_SALE,2,105,,,True,,,563,,,TO_RESTORE
20659718,Antwerp,2610,435000,HOUSE,HOUSE,FOR_SALE,3,148,INSTALLED,,False,,150,287,2,,JUST_RENOVATED
20662347,Arlon,6700,349000,HOUSE,HOUSE,FOR_SALE,3,111,INSTALLED,,False,,,1338,3,,GOOD
20667116,Arlon,6700,340000,HOUSE,HOUSE,FOR_SALE,4,166,HYPER_EQUIPPED,False,False,20,200,288,2,False,GOOD
20669516,Ath,7800,285000,HOUSE,HOUSE,FOR_SALE,4,245,INSTALLED,,False,,,420,2,,GOOD
20664672,Arlon,6790,699000,HOUSE,HOUSE,FOR_SALE,4,238,INSTALLED,False,False,,,814,,False,
20650555,Brussels,1160,445000,HOUSE,HOUSE,FOR_SALE,4,151,NOT_INSTALLED,False,False,20,70,155,2,False,TO_RENOVATE
20657082,Liège,4920,420000,HOUSE,HOUSE,FOR_SALE,3,151,INSTALLED,False,True,255,1432,1641,4,False,GOOD
20669656,Tournai,7532,420000,HOUSE,HOUSE,FOR_SALE,5,160,,,False,,,2246,4,,
20669461,Turnhout,2490,559000,HOUSE,HOUSE,FOR_SALE,4,237,HYPER_EQUIPPED,,False,,,964,4,,GOOD
20666982,Verviers,4651,499000,HOUSE,HOUSE,FOR_SALE,4,209,INSTALLED,False,True,25,1750,2427,4,False,TO_BE_DONE_UP
20663060,Antwerp,2600,800000,HOUSE,HOUSE,FOR_SALE,4,350,,,False,30,45,170,4,,AS_NEW
20669156,Neufchâteau,6880,259000,HOUSE,HOUSE,FOR_SALE,3,120,INSTALLED,False,False,20,216,410,3,False,TO_BE_DONE_UP
20663626,Liège,4610,399000,HOUSE,HOUSE,FOR_SALE,4,200,INSTALLED,False,False,90,200,732,4,True,AS_NEW
20669189,Kortrijk,8501,140000,HOUSE,HOUSE,FOR_SALE,3,140,SEMI_EQUIPPED,,False,,120,190,2,,TO_RENOVATE
20663628,Liège,4670,299000,HOUSE,HOUSE,FOR_SALE,3,120,INSTALLED,False,False,,116,290,4,False,AS_NEW
20660400,Mechelen,2820,499000,HOUSE,HOUSE,FOR_SALE,3,193,INSTALLED,,False,25,126,350,4,,AS_NEW
20664223,Antwerp,2850,269000,HOUSE,HOUSE,FOR_SALE,3,139,,,False,,,250,2,,TO_RENOVATE
20669446,Soignies,7090,270000,HOUSE,HOUSE,FOR_SALE,3,,,,False,,,0,2,False,AS_NEW
20669282,Tournai,7604,295000,HOUSE,HOUSE,FOR_SALE,3,121,INSTALLED,,False,21,328,389,3,,
20669283,Tournai,7604,270000,HOUSE,HOUSE,FOR_SALE,3,117,INSTALLED,,False,21,121,180,2,,
20669284,Tournai,7604,287500,HOUSE,HOUSE,FOR_SALE,3,121,INSTALLED,,False,21,94,155,3,,
20669286,Tournai,7604,270000,HOUSE,HOUSE,FOR_SALE,3,117,INSTALLED,,False,20,49,108,2,,
20669290,Tournai,7604,290000,HOUSE,HOUSE,FOR_SALE,3,121,INSTALLED,,False,21,164,224,3,,
20669291,Tournai,7604,287500,HOUSE,HOUSE,FOR_SALE,3,121,INSTALLED,,False,21,75,136,3,,
20669292,Tournai,7604,270000,HOUSE,HOUSE,FOR_SALE,3,117,INSTALLED,,False,19,121,180,2,,
20669791,Oostend,8450,249000,HOUSE,HOUSE,FOR_SALE,3,83,INSTALLED,,False,12,85,0,3,,GOOD
20669147,Liège,4020,149000,HOUSE,HOUSE,FOR_SALE,2,91,SEMI_EQUIPPED,,False,13,174,232,2,False,TO_BE_DONE_UP
20662578,Brussels,1000,390000,HOUSE,HOUSE,FOR_SALE,5,220,NOT_INSTALLED,False,False,12,,87,2,False,TO_RENOVATE
20669636,Leuven,3380,318000,HOUSE,HOUSE,FOR_SALE,2,211,,False,False,,1060,1657,4,False,GOOD
20669498,Charleroi,6061,290000,HOUSE,HOUSE,FOR_SALE,3,424,,,False,,1,0,2,False,
20663357,Liège,4052,499000,HOUSE,HOUSE,FOR_SALE,4,220,INSTALLED,False,False,25,530,940,4,False,TO_BE_DONE_UP
20667210,Namur,5300,399000,HOUSE,HOUSE,FOR_SALE,3,415,INSTALLED,False,False,58,1988,2283,4,False,GOOD
20669254,Philippeville,5660,120000,HOUSE,HOUSE,FOR_SALE,4,120,INSTALLED,,False,,,267,3,,GOOD
20669651,Oostend,8420,420000,HOUSE,HOUSE,FOR_SALE,3,327,,,False,,,169,3,,GOOD
20669790,Oostend,8420,249000,HOUSE,HOUSE,FOR_SALE,3,83,INSTALLED,,False,,,0,3,,GOOD
20665851,Oostend,8420,1095000,HOUSE,HOUSE,FOR_SALE,4,202,,True,False,,,383,,,AS_NEW
20669651,Oostend,8420,420000,HOUSE,HOUSE,FOR_SALE,3,327,,,False,,,169,3,,GOOD
20665397,Sint-Niklaas,9170,389000,HOUSE,HOUSE,FOR_SALE,4,191,INSTALLED,,False,,,563,4,,GOOD
20669652,Kortrijk,8540,475000,HOUSE,HOUSE,FOR_SALE,4,175,HYPER_EQUIPPED,False,False,,,190,3,False,AS_NEW
20669409,Dendermonde,9200,379000,HOUSE,HOUSE,FOR_SALE,3,159,HYPER_EQUIPPED,False,False,,,462,2,,
20661133,Tielt,8720,339000,HOUSE,HOUSE,FOR_SALE,2,250,SEMI_EQUIPPED,,False,25,1000,1424,4,,TO_BE_DONE_UP
20656090,Antwerp,2100,349900,HOUSE,HOUSE,FOR_SALE,4,186,INSTALLED,,False,,24,110,2,,GOOD
20658459,Antwerp,2100,389000,HOUSE,HOUSE,FOR_SALE,3,115,INSTALLED,,False,,15,80,2,,GOOD
20669368,Maaseik,3650,139000,HOUSE,HOUSE,FOR_SALE,5,208,,,False,,,225,2,,
20669683,Philippeville,5680,790000,HOUSE,HOUSE,FOR_SALE,5,400,HYPER_EQUIPPED,False,True,,,946,4,True,AS_NEW
20653610,Mechelen,2570,335000,HOUSE,HOUSE,FOR_SALE,3,200,INSTALLED,,False,20,309,421,,,TO_RENOVATE
20665518,Mechelen,2570,575000,HOUSE,HOUSE,FOR_SALE,3,167,INSTALLED,False,False,20,1450,1914,4,False,GOOD
20662443,Huy,4480,249900,HOUSE,HOUSE,FOR_SALE,4,156,INSTALLED,False,False,,350,696,4,False,GOOD
20663359,Huy,4480,245000,HOUSE,HOUSE,FOR_SALE,4,153,INSTALLED,False,False,22,126,245,2,False,JUST_RENOVATED
20663601,Aalst,9420,449000,HOUSE,HOUSE,FOR_SALE,3,230,HYPER_EQUIPPED,,False,40,800,1240,4,False,GOOD
20669647,Tournai,7730,260000,HOUSE,HOUSE,FOR_SALE,3,162,,,False,,,1037,4,,
20657565,Virton,6740,640000,HOUSE,HOUSE,FOR_SALE,4,180,INSTALLED,,False,11,1000,1516,4,,GOOD
20481838,Namur,5380,245000,HOUSE,HOUSE,FOR_SALE,4,,,,False,,1,1287,4,False,
20665196,Waremme,4347,319900,HOUSE,HOUSE,FOR_SALE,5,320,INSTALLED,False,False,180,,370,3,False,AS_NEW
20650804,Liège,4400,380000,HOUSE,HOUSE,FOR_SALE,3,160,SEMI_EQUIPPED,True,False,35,860,1307,4,,GOOD
20661736,Liège,4400,259900,HOUSE,HOUSE,FOR_SALE,4,160,INSTALLED,False,False,42,160,240,2,False,AS_NEW
20661737,Liège,4400,289000,HOUSE,HOUSE,FOR_SALE,3,126,SEMI_EQUIPPED,False,False,153,,250,3,False,AS_NEW
20663424,Liège,4400,275000,HOUSE,HOUSE,FOR_SALE,3,167,SEMI_EQUIPPED,,False,132,545,850,4,,JUST_RENOVATED
20663437,Liège,4400,199000,HOUSE,HOUSE,FOR_SALE,2,88,SEMI_EQUIPPED,,False,,150,305,2,,JUST_RENOVATED
20663965,Liège,4400,75000,HOUSE,HOUSE,FOR_SALE,2,103,SEMI_EQUIPPED,False,False,,32,140,4,False,TO_RENOVATE
20664276,Liège,4400,179000,HOUSE,HOUSE,FOR_SALE,3,115,SEMI_EQUIPPED,False,False,,900,1280,4,False,GOOD
20669405,Brussels,1190,890000,HOUSE,HOUSE,FOR_SALE,5,295,INSTALLED,False,False,62,,156,2,False,TO_RENOVATE
20652022,Tongeren,3790,199000,HOUSE,HOUSE,FOR_SALE,4,122,INSTALLED,False,False,92,,261,4,False,GOOD
20669550,Charleroi,6210,245000,HOUSE,HOUSE,FOR_SALE,3,80,,,False,,,0,3,,TO_BE_DONE_UP
20652845,Gent,9890,498000,HOUSE,HOUSE,FOR_SALE,3,145,,False,False,,,659,4,,GOOD
20669391,Turnhout,2440,324000,HOUSE,HOUSE,FOR_SALE,4,,,,False,,,389,3,,
20080346,Nivelles,1470,175000,HOUSE,HOUSE,FOR_SALE,2,142,NOT_INSTALLED,False,False,,140,282,3,False,TO_RENOVATE
20669244,Hasselt,3600,369000,HOUSE,HOUSE,FOR_SALE,5,346,,False,False,,,863,4,False,
20656772,Gent,9032,515000,HOUSE,HOUSE,FOR_SALE,4,231,HYPER_EQUIPPED,False,False,,350,622,3,False,GOOD
20664202,Gent,9000,695000,HOUSE,HOUSE,FOR_SALE,3,159,,False,False,,,96,3,,GOOD
20665203,Gent,9000,330000,HOUSE,HOUSE,FOR_SALE,3,118,HYPER_EQUIPPED,,False,,,44,2,False,GOOD
20666674,Gent,9000,595000,HOUSE,HOUSE,FOR_SALE,3,175,,,False,,,102,,,GOOD
20669370,Gent,9000,435000,HOUSE,HOUSE,FOR_SALE,4,159,NOT_INSTALLED,False,False,,,87,2,False,GOOD
20669432,Gent,9000,455000,HOUSE,HOUSE,FOR_SALE,5,187,,,False,20,41,121,2,,GOOD
20669434,Gent,9000,295000,HOUSE,HOUSE,FOR_SALE,4,128,,,False,,,60,4,,GOOD
20669435,Gent,9000,280000,HOUSE,HOUSE,FOR_SALE,4,161,,,False,,15,97,2,,GOOD
20669436,Gent,9040,295000,HOUSE,HOUSE,FOR_SALE,4,128,,,False,,,60,4,,GOOD
20663636,Gent,9050,374500,HOUSE,HOUSE,FOR_SALE,4,152,,False,False,18,18,102,,,TO_BE_DONE_UP
20668094,Aalst,9500,275000,HOUSE,HOUSE,FOR_SALE,3,262,SEMI_EQUIPPED,,False,,,593,,,TO_BE_DONE_UP
20669676,Aalst,9500,259000,HOUSE,HOUSE,FOR_SALE,4,,HYPER_EQUIPPED,False,False,60,140,240,2,,GOOD
20669256,Charleroi,6060,99000,HOUSE,HOUSE,FOR_SALE,2,97,,False,False,10,,130,2,,
20669552,Charleroi,6041,245000,HOUSE,HOUSE,FOR_SALE,3,80,,,False,,,0,3,,TO_BE_DONE_UP
20669793,Charleroi,6181,179900,HOUSE,HOUSE,FOR_SALE,5,155,,,False,,356,796,3,,TO_RENOVATE
20590923,Liège,4460,390000,HOUSE,HOUSE,FOR_SALE,4,215,,,False,,616,985,4,,TO_BE_DONE_UP
20669469,Kortrijk,8560,399000,HOUSE,HOUSE,FOR_SALE,3,222,HYPER_EQUIPPED,False,False,,,304,2,False,
20669451,Leuven,3150,549000,HOUSE,HOUSE,FOR_SALE,4,207,,,False,,,310,3,False,
20669201,Virton,6724,295000,HOUSE,HOUSE,FOR_SALE,3,120,INSTALLED,,False,,,179,4,,GOOD
20669191,Dendermonde,9220,295000,HOUSE,HOUSE,FOR_SALE,2,140,HYPER_EQUIPPED,,False,26,36,102,2,False,JUST_RENOVATED
20669305,Mechelen,2220,495000,HOUSE,HOUSE,FOR_SALE,4,206,INSTALLED,,False,,,407,3,,GOOD
20663865,Liège,4042,299000,HOUSE,HOUSE,FOR_SALE,5,186,SEMI_EQUIPPED,False,False,32,406,705,4,False,GOOD
20652024,Liège,4040,239000,HOUSE,HOUSE,FOR_SALE,5,172,NOT_INSTALLED,False,False,17,,134,2,False,TO_RENOVATE
20662441,Liège,4041,265000,HOUSE,HOUSE,FOR_SALE,4,101,INSTALLED,False,False,15,50,381,2,False,JUST_RENOVATED
20655613,Aalst,9550,349000,HOUSE,HOUSE,FOR_SALE,3,152,HYPER_EQUIPPED,False,False,48,270,720,4,False,TO_BE_DONE_UP
20661375,Aalst,9550,287500,HOUSE,HOUSE,FOR_SALE,3,283,,False,False,,,524,3,,TO_RENOVATE
20664211,Aalst,9550,469000,HOUSE,HOUSE,FOR_SALE,5,255,HYPER_EQUIPPED,False,False,,,650,4,False,GOOD
20663782,Kortrijk,8501,349500,HOUSE,HOUSE,FOR_SALE,3,188,INSTALLED,,False,30,100,241,2,,GOOD
20654011,Antwerp,2660,319900,HOUSE,HOUSE,FOR_SALE,2,158,SEMI_EQUIPPED,,False,8,75,165,2,,GOOD
20664722,Antwerp,2660,399000,HOUSE,HOUSE,FOR_SALE,4,171,INSTALLED,,False,,,188,2,,GOOD
20665550,Antwerp,2660,249000,HOUSE,HOUSE,FOR_SALE,3,117,,,False,,36,130,,,GOOD
20669190,Antwerp,2660,276000,HOUSE,HOUSE,FOR_SALE,2,105,INSTALLED,,False,,50,126,,,GOOD
20663693,Antwerp,2940,514000,HOUSE,HOUSE,FOR_SALE,3,204,INSTALLED,,False,,,702,4,,GOOD
20665257,Roeselare,8830,469000,HOUSE,HOUSE,FOR_SALE,3,263,INSTALLED,False,False,,,2612,,,GOOD
20667154,Antwerp,2540,519000,HOUSE,HOUSE,FOR_SALE,3,210,INSTALLED,,False,,60,200,2,,JUST_RENOVATED
20663325,Oudenaarde,9750,450000,HOUSE,HOUSE,FOR_SALE,3,209,INSTALLED,False,False,33,140,524,4,False,GOOD
20669378,Leuven,3040,415000,HOUSE,HOUSE,FOR_SALE,3,148,,,True,25,,487,3,,AS_NEW
20669379,Leuven,3040,470000,HOUSE,HOUSE,FOR_SALE,3,227,INSTALLED,False,True,40,,685,4,,AS_NEW
20663144,Brussels,1050,750000,HOUSE,HOUSE,FOR_SALE,4,150,,,False,,40,133,2,False,GOOD
20663781,Roeselare,8870,149000,HOUSE,HOUSE,FOR_SALE,4,145,INSTALLED,,False,10,30,91,2,,TO_BE_DONE_UP
20657400,Brussels,1090,625000,HOUSE,HOUSE,FOR_SALE,5,233,HYPER_EQUIPPED,False,False,15,200,250,2,False,AS_NEW
20664507,Brussels,1090,580000,HOUSE,HOUSE,FOR_SALE,4,200,SEMI_EQUIPPED,False,False,35,45,106,2,False,AS_NEW
20669227,Tournai,7540,250000,HOUSE,HOUSE,FOR_SALE,3,95,SEMI_EQUIPPED,,True,,,425,3,,GOOD
20669319,Eeklo,9970,400000,HOUSE,HOUSE,FOR_SALE,3,320,,,False,,,875,,,
20458199,Leuven,3140,325000,HOUSE,HOUSE,FOR_SALE,3,209,,False,False,,,2030,4,,TO_RENOVATE
20669373,Leuven,3140,495000,HOUSE,HOUSE,FOR_SALE,3,222,HYPER_EQUIPPED,False,False,,,1060,4,False,TO_BE_DONE_UP
20662177,Mechelen,2560,424000,HOUSE,HOUSE,FOR_SALE,3,250,INSTALLED,,True,30,180,529,4,,GOOD
20664335,Oudenaarde,9690,359000,HOUSE,HOUSE,FOR_SALE,7,246,,,False,,,583,3,,GOOD
20666503,Brugge,8300,1450000,HOUSE,HOUSE,FOR_SALE,4,190,,False,False,,,966,,,GOOD
20667773,Antwerp,2550,475000,HOUSE,HOUSE,FOR_SALE,3,150,,False,False,,,2900,,,TO_RENOVATE
20669387,Halle-Vilvoorde,1950,695000,HOUSE,HOUSE,FOR_SALE,4,185,HYPER_EQUIPPED,False,False,30,,780,3,False,GOOD
20669685,Soignies,7100,245000,HOUSE,HOUSE,FOR_SALE,3,241,INSTALLED,False,False,,170,314,2,,GOOD
20669463,Turnhout,2430,369000,HOUSE,HOUSE,FOR_SALE,3,202,,,False,,,650,4,,AS_NEW
20668121,Leuven,3201,255000,HOUSE,HOUSE,FOR_SALE,3,236,,,False,,,1207,4,,TO_RENOVATE
20669511,Nivelles,1380,1350000,HOUSE,HOUSE,FOR_SALE,5,300,,False,True,100,2000,2600,4,False,
20664941,Aalst,9340,895000,HOUSE,HOUSE,FOR_SALE,3,318,HYPER_EQUIPPED,,False,,,1700,4,,GOOD
20666836,Aalst,9340,379000,HOUSE,HOUSE,FOR_SALE,4,205,INSTALLED,,False,,,454,2,,JUST_RENOVATED
20658797,Charleroi,6142,299000,HOUSE,HOUSE,FOR_SALE,3,113,INSTALLED,,False,38,570,685,2,False,GOOD
20658490,Halle-Vilvoorde,1502,398000,HOUSE,HOUSE,FOR_SALE,3,152,SEMI_EQUIPPED,,False,,,606,4,,TO_RENOVATE
20669426,Leuven,3010,485000,HOUSE,HOUSE,FOR_SALE,4,181,SEMI_EQUIPPED,False,False,,175,309,2,,GOOD
20669364,Leuven,3000,410000,HOUSE,HOUSE,FOR_SALE,2,130,,,False,18,,66,,,
20669225,Liège,4000,235000,HOUSE,HOUSE,FOR_SALE,5,231,,,False,1,1,0,2,False,GOOD
20662890,Liège,4000,299900,HOUSE,HOUSE,FOR_SALE,6,242,SEMI_EQUIPPED,False,False,20,,130,2,False,GOOD
20662891,Liège,4000,239900,HOUSE,HOUSE,FOR_SALE,3,135,INSTALLED,False,False,5,45,193,3,False,JUST_RENOVATED
20664279,Liège,4000,180000,HOUSE,HOUSE,FOR_SALE,2,81,INSTALLED,False,False,24,,100,2,False,GOOD
20667204,Liège,4000,149999,HOUSE,HOUSE,FOR_SALE,2,85,SEMI_EQUIPPED,False,False,30,140,211,2,False,GOOD
20669170,Liège,4000,119000,HOUSE,HOUSE,FOR_SALE,1,68,NOT_INSTALLED,False,False,,,50,2,False,TO_RENOVATE
20663971,Liège,4020,165000,HOUSE,HOUSE,FOR_SALE,2,74,INSTALLED,False,False,,,43,2,False,GOOD
20662896,Liège,4032,169000,HOUSE,HOUSE,FOR_SALE,2,108,INSTALLED,False,False,31,,94,2,False,GOOD
20648889,Mechelen,2500,169000,HOUSE,HOUSE,FOR_SALE,2,97,SEMI_EQUIPPED,,False,10,115,193,2,,TO_RENOVATE
20669634,Leuven,3350,365000,HOUSE,HOUSE,FOR_SALE,4,170,HYPER_EQUIPPED,False,False,25,200,387,3,False,AS_NEW
20668533,Eeklo,9990,535000,HOUSE,HOUSE,FOR_SALE,3,160,,False,False,,,695,,,GOOD
20669616,Huy,4570,350000,HOUSE,HOUSE,FOR_SALE,4,288,INSTALLED,False,False,,,3493,3,True,GOOD
20669506,Kortrijk,8510,132000,HOUSE,HOUSE,FOR_SALE,2,127,,,False,,,80,2,,TO_RESTORE
20669486,Mechelen,2811,348000,HOUSE,HOUSE,FOR_SALE,4,,,,False,,,254,3,False,GOOD
20660005,Mechelen,2800,448000,HOUSE,HOUSE,FOR_SALE,3,146,INSTALLED,,False,21,,75,2,,JUST_RENOVATED
20661435,Mechelen,2800,630000,HOUSE,HOUSE,FOR_SALE,5,220,INSTALLED,,False,,53,285,3,,AS_NEW
20665517,Mechelen,2800,524000,HOUSE,HOUSE,FOR_SALE,3,156,INSTALLED,False,False,14,141,310,3,False,AS_NEW
20667860,Mechelen,2800,328000,HOUSE,HOUSE,FOR_SALE,4,142,SEMI_EQUIPPED,,False,,,60,,,TO_RENOVATE
20669692,Mechelen,2800,299000,HOUSE,HOUSE,FOR_SALE,4,165,,,False,,,82,2,,TO_BE_DONE_UP
20669693,Mechelen,2800,275000,HOUSE,HOUSE,FOR_SALE,3,154,,,False,,,0,2,,TO_BE_DONE_UP
20662860,Gent,9090,349000,HOUSE,HOUSE,FOR_SALE,3,153,HYPER_EQUIPPED,False,False,,87,156,2,False,AS_NEW
20662942,Gent,9090,398000,HOUSE,HOUSE,FOR_SALE,4,207,,False,False,,200,377,,,TO_BE_DONE_UP
20667140,Kortrijk,8930,95000,HOUSE,HOUSE,FOR_SALE,2,100,,,False,,60,240,2,,GOOD
20669371,Gent,9820,539505,HOUSE,HOUSE,FOR_SALE,3,213,INSTALLED,,False,,,222,2,False,AS_NEW
20660221,Antwerp,2170,369000,HOUSE,HOUSE,FOR_SALE,3,192,INSTALLED,,False,20,30,157,2,,TO_BE_DONE_UP
20668831,Antwerp,2170,449000,HOUSE,HOUSE,FOR_SALE,4,430,,False,False,7,,219,,,TO_RENOVATE
20585729,Tielt,8760,298000,HOUSE,HOUSE,FOR_SALE,4,229,,,False,,,897,,,
20669453,Oostend,8431,498000,HOUSE,HOUSE,FOR_SALE,4,272,,,False,,,1205,4,,TO_RENOVATE
20665816,Turnhout,2400,290000,HOUSE,HOUSE,FOR_SALE,2,144,USA_INSTALLED,,False,,,290,3,,JUST_RENOVATED
20663422,Liège,4400,224000,HOUSE,HOUSE,FOR_SALE,2,129,SEMI_EQUIPPED,,False,,400,170,2,,TO_RENOVATE
20669479,Aalst,9310,419000,HOUSE,HOUSE,FOR_SALE,4,170,INSTALLED,,False,,,465,,,JUST_RENOVATED
20663502,Antwerp,2640,465000,HOUSE,HOUSE,FOR_SALE,3,142,INSTALLED,,False,,121,197,3,,AS_NEW
20669238,Mouscron,7700,199000,HOUSE,HOUSE,FOR_SALE,4,151,INSTALLED,False,False,,90,173,2,False,GOOD
20669325,Namur,5002,275000,HOUSE,HOUSE,FOR_SALE,4,135,NOT_INSTALLED,False,False,24,100,180,2,,GOOD
20661652,Liège,4121,595000,HOUSE,HOUSE,FOR_SALE,5,249,INSTALLED,False,False,30,1546,1700,4,False,GOOD
20669708,Hasselt,3890,445000,HOUSE,HOUSE,FOR_SALE,4,,INSTALLED,,False,,,0,,,GOOD
20669265,Aalst,9320,297000,HOUSE,HOUSE,FOR_SALE,4,254,,,False,60,925,1270,,,GOOD
20603697,Nivelles,1400,260000,HOUSE,HOUSE,FOR_SALE,2,140,INSTALLED,,False,30,70,135,2,,GOOD
20658975,Nivelles,1400,245000,HOUSE,HOUSE,FOR_SALE,3,158,INSTALLED,,False,21,,110,2,,GOOD
20661777,Oostend,8400,329000,HOUSE,HOUSE,FOR_SALE,4,201,,False,False,40,80,157,,,JUST_RENOVATED
20662061,Oostend,8400,749000,HOUSE,HOUSE,FOR_SALE,5,330,,True,False,10,,72,,,AS_NEW
20662274,Oostend,8400,380000,HOUSE,HOUSE,FOR_SALE,4,167,,False,False,,225,368,,,TO_RENOVATE
20668558,Oostend,8400,245000,HOUSE,HOUSE,FOR_SALE,4,124,,False,False,,,100,,,TO_BE_DONE_UP
20669115,Oostend,8400,369000,HOUSE,HOUSE,FOR_SALE,3,141,,False,False,40,80,160,,,JUST_RENOVATED
20425709,Waremme,4360,549000,HOUSE,HOUSE,FOR_SALE,5,290,INSTALLED,False,False,68,1793,1980,4,True,GOOD
20665777,Liège,4340,790000,HOUSE,HOUSE,FOR_SALE,3,289,INSTALLED,,True,90,1800,3167,4,False,AS_NEW
20649275,Oudenaarde,9700,405000,HOUSE,HOUSE,FOR_SALE,2,111,,False,False,,,406,4,,GOOD
20652412,Oudenaarde,9700,235000,HOUSE,HOUSE,FOR_SALE,3,142,SEMI_EQUIPPED,False,False,,275,378,2,False,TO_BE_DONE_UP
20658223,Oudenaarde,9700,237500,HOUSE,HOUSE,FOR_SALE,2,84,,False,False,,,170,2,,GOOD
20661376,Oudenaarde,9700,575000,HOUSE,HOUSE,FOR_SALE,3,194,,False,False,,,1404,4,,GOOD
20659893,Oostend,8460,359000,HOUSE,HOUSE,FOR_SALE,3,128,,False,False,50,50,247,,,GOOD
20667760,Maaseik,3670,390000,HOUSE,HOUSE,FOR_SALE,4,189,,,False,,,565,,,TO_BE_DONE_UP
20668555,Liège,4102,89000,HOUSE,HOUSE,FOR_SALE,1,67,NOT_INSTALLED,False,False,,,75,2,False,TO_RENOVATE
20664093,Liège,4683,249000,HOUSE,HOUSE,FOR_SALE,3,93,INSTALLED,False,False,156,,218,2,True,JUST_RENOVATED
20653606,Liège,4684,229000,HOUSE,HOUSE,FOR_SALE,3,164,SEMI_EQUIPPED,False,False,70,315,515,2,False,GOOD
20668790,Maaseik,3900,349500,HOUSE,HOUSE,FOR_SALE,2,138,INSTALLED,,False,,,1172,3,,AS_NEW
10547192,Verviers,4860,99000,HOUSE,HOUSE,FOR_SALE,3,90,INSTALLED,False,False,17,,0,2,False,GOOD
20655634,Nivelles,1360,349000,HOUSE,HOUSE,FOR_SALE,4,293,NOT_INSTALLED,False,False,,1573,1798,3,False,TO_RENOVATE
20669519,Ieper,8972,239000,HOUSE,HOUSE,FOR_SALE,2,139,,,True,30,,111,,,JUST_RENOVATED
20668795,Antwerp,2243,389000,HOUSE,HOUSE,FOR_SALE,3,172,SEMI_EQUIPPED,,False,25,400,792,4,,TO_BE_DONE_UP
20664766,Mechelen,2870,374000,HOUSE,HOUSE,FOR_SALE,3,147,INSTALLED,,False,,,264,,,GOOD
20651216,Mechelen,2870,365000,HOUSE,HOUSE,FOR_SALE,3,202,INSTALLED,,False,18,21,120,2,,GOOD
20665642,Mons,7390,85000,HOUSE,HOUSE,FOR_SALE,3,90,NOT_INSTALLED,False,False,17,30,107,2,,TO_RENOVATE
20669668,Turnhout,2382,595000,HOUSE,HOUSE,FOR_SALE,3,275,,False,False,,,2140,4,,
20663895,Turnhout,2380,645000,HOUSE,HOUSE,FOR_SALE,4,428,SEMI_EQUIPPED,,False,,565,800,4,,GOOD
20664648,Turnhout,2380,695000,HOUSE,HOUSE,FOR_SALE,4,436,USA_INSTALLED,,True,,,900,4,,GOOD
20669232,Turnhout,2470,595000,HOUSE,HOUSE,FOR_SALE,3,,HYPER_EQUIPPED,False,False,,,840,4,,AS_NEW
20669618,Tongeren,3770,265000,HOUSE,HOUSE,FOR_SALE,4,249,INSTALLED,False,False,,235,426,3,,TO_RENOVATE
20666986,Turnhout,2310,529000,HOUSE,HOUSE,FOR_SALE,4,227,INSTALLED,,False,,,2874,4,,GOOD
20669219,Dinant,5580,360000,HOUSE,HOUSE,FOR_SALE,3,103,INSTALLED,True,False,15,1728,1728,4,,AS_NEW
20669317,Roeselare,8800,625000,HOUSE,HOUSE,FOR_SALE,3,295,INSTALLED,,False,,,3598,4,,GOOD
20667189,Roeselare,8800,249000,HOUSE,HOUSE,FOR_SALE,3,109,,False,False,,,164,,,TO_BE_DONE_UP
20669372,Roeselare,8800,335000,HOUSE,HOUSE,FOR_SALE,3,121,,False,False,,,328,,,GOOD
20651559,Oudenaarde,9600,175000,HOUSE,HOUSE,FOR_SALE,4,155,INSTALLED,False,False,5,16,70,2,False,GOOD
20661503,Oudenaarde,9600,225000,HOUSE,HOUSE,FOR_SALE,4,135,INSTALLED,,False,,,70,2,,JUST_RENOVATED
20664298,Oudenaarde,9600,359000,HOUSE,HOUSE,FOR_SALE,7,246,,,False,,,583,3,,GOOD
20669393,Oudenaarde,9600,299000,HOUSE,HOUSE,FOR_SALE,5,164,,False,False,,,533,2,,GOOD
20663135,Brussels,1210,565000,HOUSE,HOUSE,FOR_SALE,8,350,,False,False,,30,30,3,False,TO_BE_DONE_UP
20664277,Liège,4420,170000,HOUSE,HOUSE,FOR_SALE,4,118,INSTALLED,False,False,15,30,115,3,False,TO_BE_DONE_UP
20666146,Liège,4420,179000,HOUSE,HOUSE,FOR_SALE,3,94,INSTALLED,False,False,18,,137,2,False,GOOD
20667205,Liège,4420,199000,HOUSE,HOUSE,FOR_SALE,3,133,NOT_INSTALLED,False,False,,147,353,2,False,TO_RENOVATE
20669532,Namur,5070,249000,HOUSE,HOUSE,FOR_SALE,1,67,USA_HYPER_EQUIPPED,,False,,,0,2,,
20663140,Brussels,1030,565000,HOUSE,HOUSE,FOR_SALE,8,350,,False,False,,30,30,3,False,TO_BE_DONE_UP
20664304,Brussels,1030,295000,HOUSE,HOUSE,FOR_SALE,2,111,SEMI_EQUIPPED,False,False,,,35,2,False,GOOD
20668999,Liège,4100,294000,HOUSE,HOUSE,FOR_SALE,3,100,,False,False,6,,306,3,False,GOOD
20361495,Liège,4100,219000,HOUSE,HOUSE,FOR_SALE,2,95,HYPER_EQUIPPED,,False,60,,160,2,False,AS_NEW
20403016,Liège,4100,199000,HOUSE,HOUSE,FOR_SALE,4,,INSTALLED,,False,,65,124,2,False,GOOD
20503414,Liège,4100,89900,HOUSE,HOUSE,FOR_SALE,2,99,,,False,,285,335,4,False,TO_RENOVATE
20615643,Liège,4100,249000,HOUSE,HOUSE,FOR_SALE,3,185,INSTALLED,,False,20,195,240,4,False,
20657091,Liège,4100,280000,HOUSE,HOUSE,FOR_SALE,3,175,INSTALLED,False,False,53,,149,2,False,GOOD
20657821,Liège,4100,159000,HOUSE,HOUSE,FOR_SALE,3,107,INSTALLED,False,False,,,68,2,False,GOOD
20660044,Liège,4100,425000,HOUSE,HOUSE,FOR_SALE,3,166,SEMI_EQUIPPED,False,False,26,1420,1922,4,False,GOOD
20662445,Liège,4100,269000,HOUSE,HOUSE,FOR_SALE,4,170,INSTALLED,False,False,50,30,250,4,False,AS_NEW
20662454,Liège,4100,179000,HOUSE,HOUSE,FOR_SALE,2,117,INSTALLED,False,False,25,99,265,3,False,GOOD
20662892,Liège,4100,199999,HOUSE,HOUSE,FOR_SALE,3,144,INSTALLED,False,False,24,70,158,2,False,GOOD
20663358,Liège,4100,245000,HOUSE,HOUSE,FOR_SALE,5,190,INSTALLED,False,False,30,150,336,2,False,GOOD
20663406,Liège,4100,130000,HOUSE,HOUSE,FOR_SALE,2,77,SEMI_EQUIPPED,,False,11,,65,3,,TO_BE_DONE_UP
20663973,Liège,4100,129900,HOUSE,HOUSE,FOR_SALE,4,102,NOT_INSTALLED,False,False,10,,63,2,False,JUST_RENOVATED
20666978,Liège,4100,149900,HOUSE,HOUSE,FOR_SALE,2,91,INSTALLED,False,False,30,214,377,3,False,GOOD
20528696,Liège,4101,179000,HOUSE,HOUSE,FOR_SALE,2,90,INSTALLED,True,False,,,61,3,False,GOOD
20663974,Liège,4101,150000,HOUSE,HOUSE,FOR_SALE,3,124,SEMI_EQUIPPED,False,False,18,18,168,3,False,GOOD
20663967,Liège,4102,209000,HOUSE,HOUSE,FOR_SALE,4,245,INSTALLED,True,False,36,63,245,3,False,GOOD
20669433,Gent,9040,455000,HOUSE,HOUSE,FOR_SALE,5,187,,,False,20,41,121,2,,GOOD
20669684,Halle-Vilvoorde,1640,650000,HOUSE,HOUSE,FOR_SALE,3,204,SEMI_EQUIPPED,False,False,56,329,475,4,False,TO_BE_DONE_UP
20669212,Brugge,8200,338000,HOUSE,HOUSE,FOR_SALE,4,178,,,False,,,129,,,
20669299,Sint-Niklaas,9100,249000,HOUSE,HOUSE,FOR_SALE,3,122,,False,False,,56,124,2,False,
20669243,Sint-Niklaas,9100,249000,HOUSE,HOUSE,FOR_SALE,3,172,,False,False,17,200,300,2,False,
20669462,Sint-Niklaas,9100,269500,HOUSE,HOUSE,FOR_SALE,2,112,,,False,,,98,3,,AS_NEW
20669404,Hasselt,3800,185000,HOUSE,HOUSE,FOR_SALE,3,136,,False,False,,,480,3,False,
20669677,Soignies,7060,565000,HOUSE,HOUSE,FOR_SALE,4,254,INSTALLED,False,False,,1650,1850,4,False,GOOD
20668855,Antwerp,2940,385000,HOUSE,HOUSE,FOR_SALE,2,232,INSTALLED,,False,9,345,345,,,TO_BE_DONE_UP
20661692,Verviers,4970,75900,HOUSE,HOUSE,FOR_SALE,2,67,INSTALLED,False,False,,,50,2,False,TO_RENOVATE
20648228,Sint-Niklaas,9190,368000,HOUSE,HOUSE,FOR_SALE,3,175,INSTALLED,,False,20,,501,3,,GOOD
20656397,Sint-Niklaas,9190,467000,HOUSE,HOUSE,FOR_SALE,3,305,,,False,20,,1034,4,,GOOD
20668572,Sint-Niklaas,9190,388000,HOUSE,HOUSE,FOR_SALE,3,170,HYPER_EQUIPPED,,True,20,,595,4,,GOOD
20669563,Sint-Niklaas,9140,395000,HOUSE,HOUSE,FOR_SALE,3,132,HYPER_EQUIPPED,,False,20,400,496,3,False,GOOD
20667869,Marche-en-Famenne,6970,389000,HOUSE,HOUSE,FOR_SALE,1,369,INSTALLED,False,False,8,900,900,4,False,AS_NEW
20669222,Halle-Vilvoorde,1740,399000,HOUSE,HOUSE,FOR_SALE,3,131,,False,False,,,464,4,False,
20663194,Hasselt,3945,739000,HOUSE,HOUSE,FOR_SALE,5,333,INSTALLED,,False,,,1708,4,,AS_NEW
20357959,Tielt,8700,298000,HOUSE,HOUSE,FOR_SALE,4,229,,,False,,,897,,,
20665885,Tielt,8700,390000,HOUSE,HOUSE,FOR_SALE,4,208,,False,False,,,720,,,TO_BE_DONE_UP
20268360,Virton,6730,112000,HOUSE,HOUSE,FOR_SALE,3,,,,False,,,0,3,False,TO_RESTORE
20669646,Tournai,7500,190000,HOUSE,HOUSE,FOR_SALE,4,156,,,False,,,90,2,,TO_BE_DONE_UP
20669655,Tournai,7500,189000,HOUSE,HOUSE,FOR_SALE,6,350,,,False,,,490,2,,TO_RESTORE
20669650,Tournai,7904,365000,HOUSE,HOUSE,FOR_SALE,3,215,,,False,,,2514,4,,
20669542,Verviers,4800,315000,HOUSE,HOUSE,FOR_SALE,2,135,INSTALLED,False,False,27,114,170,2,False,GOOD
20665504,Virton,6760,249000,HOUSE,HOUSE,FOR_SALE,5,164,SEMI_EQUIPPED,False,False,,180,736,4,False,TO_BE_DONE_UP
20667232,Aalst,9520,279000,HOUSE,HOUSE,FOR_SALE,2,116,INSTALLED,,False,,,435,3,False,GOOD
20662934,Tielt,8720,518700,HOUSE,HOUSE,FOR_SALE,6,380,,False,False,,300,593,,,GOOD
20666587,Kortrijk,8790,315000,HOUSE,HOUSE,FOR_SALE,2,146,,,False,,,351,,,GOOD
20667212,Oostend,8420,489000,HOUSE,HOUSE,FOR_SALE,2,201,INSTALLED,,False,,,386,,,GOOD
20669363,Turnhout,2260,544000,HOUSE,HOUSE,FOR_SALE,3,186,,,False,,742,742,4,,AS_NEW
20669538,Dendermonde,9230,435000,HOUSE,HOUSE,FOR_SALE,4,200,HYPER_EQUIPPED,,False,14,35,0,4,,
20669539,Dendermonde,9230,435000,HOUSE,HOUSE,FOR_SALE,4,209,HYPER_EQUIPPED,,False,16,37,0,4,,
20669783,Mechelen,2830,259000,HOUSE,HOUSE,FOR_SALE,3,120,SEMI_EQUIPPED,,False,6,,80,2,,GOOD
20660145,Antwerp,2610,499900,HOUSE,HOUSE,FOR_SALE,4,200,INSTALLED,,False,20,,165,3,,GOOD
20665542,Antwerp,2610,335000,HOUSE,HOUSE,FOR_SALE,3,130,SEMI_EQUIPPED,,False,15,,154,2,,GOOD
20664761,Brussels,1200,475000,HOUSE,HOUSE,FOR_SALE,3,186,HYPER_EQUIPPED,,True,16,63,63,2,,AS_NEW
20669246,Brussels,1150,1800000,HOUSE,HOUSE,FOR_SALE,16,600,INSTALLED,False,False,,,1450,4,False,GOOD
20667246,Antwerp,2040,265000,HOUSE,HOUSE,FOR_SALE,3,132,,,False,,580,580,,,TO_RENOVATE
20669206,Brugge,8210,285000,HOUSE,HOUSE,FOR_SALE,3,179,,,False,,,378,3,,AS_NEW
20040832,Leuven,3440,252000,HOUSE,HOUSE,FOR_SALE,3,161,,,False,,,550,3,,
20669327,Gent,9000,200000,APARTMENT,KOT,FOR_SALE,0,22,INSTALLED,,False,,,,2,,AS_NEW
20669328,Gent,9000,215000,APARTMENT,KOT,FOR_SALE,0,28,INSTALLED,,False,,,,2,,AS_NEW
20669329,Gent,9000,205000,APARTMENT,KOT,FOR_SALE,0,24,INSTALLED,,False,,,,2,,AS_NEW
20669330,Gent,9000,155000,APARTMENT,KOT,FOR_SALE,0,17,INSTALLED,,False,,,,2,,AS_NEW
20669331,Gent,9000,170000,APARTMENT,KOT,FOR_SALE,0,23,INSTALLED,,False,,,,2,,AS_NEW
20669332,Gent,9000,220000,APARTMENT,KOT,FOR_SALE,0,32,INSTALLED,,False,,,,2,,AS_NEW
20669333,Gent,9000,160000,APARTMENT,KOT,FOR_SALE,0,17,INSTALLED,,False,,,,2,,AS_NEW
20669334,Gent,9000,165000,APARTMENT,KOT,FOR_SALE,0,20,INSTALLED,,False,,,,2,,AS_NEW
20669335,Gent,9000,170000,APARTMENT,KOT,FOR_SALE,0,25,INSTALLED,,False,,,,2,,AS_NEW
20669338,Gent,9000,175000,APARTMENT,KOT,FOR_SALE,0,18,INSTALLED,,False,,,,2,,AS_NEW
20669339,Gent,9000,195000,APARTMENT,KOT,FOR_SALE,0,25,INSTALLED,,False,,,,2,,AS_NEW
20669340,Gent,9000,205000,APARTMENT,KOT,FOR_SALE,0,25,INSTALLED,,False,,,,2,,AS_NEW
20669342,Gent,9000,205000,APARTMENT,KOT,FOR_SALE,0,24,INSTALLED,,False,,,,2,,AS_NEW
20669343,Gent,9000,200000,APARTMENT,KOT,FOR_SALE,0,22,INSTALLED,,False,,,,2,,AS_NEW
20669344,Gent,9000,200000,APARTMENT,KOT,FOR_SALE,0,21,INSTALLED,,False,,,,2,,AS_NEW
20669355,Gent,9000,190000,APARTMENT,KOT,FOR_SALE,0,28,INSTALLED,,False,,,,2,,AS_NEW
20465772,Antwerp,2000,995000,APARTMENT,LOFT,FOR_SALE,2,250,HYPER_EQUIPPED,False,False,16,,,2,,AS_NEW
20669389,Liège,4100,209000,APARTMENT,LOFT,FOR_SALE,1,92,INSTALLED,False,False,,,,,False,
20669504,Tournai,7500,245000,APARTMENT,LOFT,FOR_SALE,3,400,NOT_INSTALLED,False,False,,,,2,False,TO_RENOVATE
20649050,Leuven,3150,675000,HOUSE,MANSION,FOR_SALE,6,349,SEMI_EQUIPPED,,False,,,2225,4,,TO_RENOVATE
20666140,Brussels,1020,665000,HOUSE,MANSION,FOR_SALE,6,300,INSTALLED,False,False,30,75,200,2,False,TO_BE_DONE_UP
20660520,Mechelen,2500,670000,HOUSE,MANSION,FOR_SALE,6,446,SEMI_EQUIPPED,,True,30,685,841,2,True,GOOD
20660925,Oudenaarde,9600,279000,HOUSE,MANSION,FOR_SALE,4,240,SEMI_EQUIPPED,False,False,,75,220,2,False,TO_BE_DONE_UP
20666955,Liège,4610,449000,HOUSE,MIXED_USE_BUILDING,FOR_SALE,6,332,INSTALLED,False,False,70,,370,2,False,AS_NEW
20656757,Brugge,8000,565000,HOUSE,MIXED_USE_BUILDING,FOR_SALE,2,160,HYPER_EQUIPPED,False,False,27,,57,2,False,AS_NEW
20661875,Liège,4130,299000,HOUSE,MIXED_USE_BUILDING,FOR_SALE,3,255,SEMI_EQUIPPED,True,False,47,,115,2,False,AS_NEW
20665451,Liège,4400,189000,HOUSE,MIXED_USE_BUILDING,FOR_SALE,3,61,NOT_INSTALLED,False,False,10,,130,3,False,TO_RENOVATE
20661400,Brussels,1190,529000,HOUSE,MIXED_USE_BUILDING,FOR_SALE,4,261,INSTALLED,False,False,12,150,315,2,False,TO_BE_DONE_UP
20665197,Gent,9040,460000,HOUSE,MIXED_USE_BUILDING,FOR_SALE,4,203,HYPER_EQUIPPED,False,False,45,,130,2,False,GOOD
20669278,Gent,9000,2650000,HOUSE,MIXED_USE_BUILDING,FOR_SALE,0,800,,,False,,,1500,4,False,TO_BE_DONE_UP
20653304,Aalst,9506,375000,HOUSE,MIXED_USE_BUILDING,FOR_SALE,4,256,INSTALLED,,False,65,84,266,,,GOOD
20667654,Brussels,1050,2150000,HOUSE,MIXED_USE_BUILDING,FOR_SALE,10,595,HYPER_EQUIPPED,,False,29,26,215,2,,JUST_RENOVATED
20669452,Liège,4000,325000,HOUSE,MIXED_USE_BUILDING,FOR_SALE,3,150,,False,False,,,370,2,False,TO_BE_DONE_UP
20667579,Liège,4030,249000,HOUSE,MIXED_USE_BUILDING,FOR_SALE,4,168,NOT_INSTALLED,False,False,,,75,2,False,TO_BE_DONE_UP
20666687,Liège,4420,199000,HOUSE,MIXED_USE_BUILDING,FOR_SALE,2,131,INSTALLED,False,False,,150,280,2,False,GOOD
20662442,Liège,4100,175000,HOUSE,MIXED_USE_BUILDING,FOR_SALE,2,85,INSTALLED,False,False,8,,105,2,False,GOOD
20667208,Liège,4100,115000,HOUSE,MIXED_USE_BUILDING,FOR_SALE,1,126,NOT_INSTALLED,False,False,,,95,2,False,TO_BE_DONE_UP
20663964,Liège,4101,215000,HOUSE,MIXED_USE_BUILDING,FOR_SALE,2,130,INSTALLED,False,False,34,,305,2,False,GOOD
20655111,Mechelen,2860,355000,HOUSE,MIXED_USE_BUILDING,FOR_SALE,4,313,INSTALLED,,False,48,41,302,3,,GOOD
20669635,Leuven,3300,265000,HOUSE,MIXED_USE_BUILDING,FOR_SALE,3,220,,False,False,,,60,2,False,AS_NEW
20669642,Oudenaarde,9630,1175000,HOUSE,MIXED_USE_BUILDING,FOR_SALE,7,626,HYPER_EQUIPPED,False,False,,,2461,4,True,AS_NEW
20669534,Halle-Vilvoorde,1785,,APARTMENT_GROUP,APARTMENT_GROUP,FOR_SALE,,,,,False,,,,,,
20669577,Namur,5000,,APARTMENT_GROUP,APARTMENT_GROUP,FOR_SALE,,,,,False,,,,,,
20669724,Namur,5000,,APARTMENT_GROUP,APARTMENT_GROUP,FOR_SALE,,,,,False,,,,,,
20669603,Brussels,1030,,APARTMENT_GROUP,APARTMENT_GROUP,FOR_SALE,,,,,False,,,,,,
20669564,Sint-Niklaas,9100,,APARTMENT_GROUP,APARTMENT_GROUP,FOR_SALE,,,,,False,,,,,,
20669287,Tournai,7500,,APARTMENT_GROUP,APARTMENT_GROUP,FOR_SALE,,,,,False,,,,,,
20659242,Gent,9800,,HOUSE_GROUP,HOUSE_GROUP,FOR_SALE,,,,,False,,,,,,
20653430,Gent,9860,,HOUSE_GROUP,HOUSE_GROUP,FOR_SALE,,,,,False,,,,,,
20669288,Tournai,7604,,HOUSE_GROUP,HOUSE_GROUP,FOR_SALE,,,,,False,,,,,,
20665449,Brugge,8000,,HOUSE_GROUP,HOUSE_GROUP,FOR_SALE,,,,,False,,,,,,
20663532,Brussels,1000,,HOUSE_GROUP,HOUSE_GROUP,FOR_SALE,,,,,False,,,,,,
20668061,Aalst,9420,,HOUSE_GROUP,HOUSE_GROUP,FOR_SALE,,,,,False,,,,,,
20648425,Gent,9800,,HOUSE_GROUP,HOUSE_GROUP,FOR_SALE,,,,,False,,,,,,
20663302,Gent,9800,,HOUSE_GROUP,HOUSE_GROUP,FOR_SALE,,,,,False,,,,,,
20657239,Gent,9890,,HOUSE_GROUP,HOUSE_GROUP,FOR_SALE,,,,,False,,,,,,
20665430,Nivelles,1325,,HOUSE_GROUP,HOUSE_GROUP,FOR_SALE,,,,,False,,,,,,
20663524,Brussels,1050,,HOUSE_GROUP,HOUSE_GROUP,FOR_SALE,,,,,False,,,,,,
20644983,Gent,9890,,HOUSE_GROUP,HOUSE_GROUP,FOR_SALE,,,,,False,,,,,,
20667637,Turnhout,2440,,HOUSE_GROUP,HOUSE_GROUP,FOR_SALE,,,,,False,,,,,,
20656992,Gent,9000,,HOUSE_GROUP,HOUSE_GROUP,FOR_SALE,,,,,False,,,,,,
20668531,Hasselt,3500,,HOUSE_GROUP,HOUSE_GROUP,FOR_SALE,,,,,False,,,,,,
20645602,Kortrijk,8930,,HOUSE_GROUP,HOUSE_GROUP,FOR_SALE,,,,,False,,,,,,
20655751,Hasselt,3970,,HOUSE_GROUP,HOUSE_GROUP,FOR_SALE,,,,,False,,,,,,
20669561,Nivelles,1495,,HOUSE_GROUP,HOUSE_GROUP,FOR_SALE,,,,,False,,,,,,
20656993,Tielt,8760,,HOUSE_GROUP,HOUSE_GROUP,FOR_SALE,,,,,False,,,,,,
20659212,Tielt,8760,,HOUSE_GROUP,HOUSE_GROUP,FOR_SALE,,,,,False,,,,,,
20663186,Turnhout,2400,,HOUSE_GROUP,HOUSE_GROUP,FOR_SALE,,,,,False,,,,,,
20664426,Antwerp,2640,,HOUSE_GROUP,HOUSE_GROUP,FOR_SALE,,,,,False,,,,,,
20663298,Namur,5000,,HOUSE_GROUP,HOUSE_GROUP,FOR_SALE,,,,,False,,,,,,
20649004,Turnhout,2360,,HOUSE_GROUP,HOUSE_GROUP,FOR_SALE,,,,,False,,,,,,
20652984,Nivelles,1360,,HOUSE_GROUP,HOUSE_GROUP,FOR_SALE,,,,,False,,,,,,
20665843,Roeselare,8800,,HOUSE_GROUP,HOUSE_GROUP,FOR_SALE,,,,,False,,,,,,
20665910,Roeselare,8800,,HOUSE_GROUP,HOUSE_GROUP,FOR_SALE,,,,,False,,,,,,
20654035,Oudenaarde,9600,,HOUSE_GROUP,HOUSE_GROUP,FOR_SALE,,,,,False,,,,,,
20659136,Oudenaarde,9600,,HOUSE_GROUP,HOUSE_GROUP,FOR_SALE,,,,,False,,,,,,
20658552,Aalst,9520,,HOUSE_GROUP,HOUSE_GROUP,FOR_SALE,,,,,False,,,,,,
20651814,Brugge,8020,,HOUSE_GROUP,HOUSE_GROUP,FOR_SALE,,,,,False,,,,,,
20667733,Turnhout,2260,,HOUSE_GROUP,HOUSE_GROUP,FOR_SALE,,,,,False,,,,,,
20644350,Dendermonde,9230,,HOUSE_GROUP,HOUSE_GROUP,FOR_SALE,,,,,False,,,,,,
20654040,Dendermonde,9230,,HOUSE_GROUP,HOUSE_GROUP,FOR_SALE,,,,,False,,,,,,
20669540,Dendermonde,9230,,HOUSE_GROUP,HOUSE_GROUP,FOR_SALE,,,,,False,,,,,,
20662858,Mechelen,2830,,HOUSE_GROUP,HOUSE_GROUP,FOR_SALE,,,,,False,,,,,,
20669785,Ieper,8970,249000,APARTMENT,PENTHOUSE,FOR_SALE,2,67,,,False,,,,,,JUST_RENOVATED
20669353,Brussels,1180,950000,APARTMENT,PENTHOUSE,FOR_SALE,2,150,HYPER_EQUIPPED,True,False,,,,,,AS_NEW
20669207,Kortrijk,8790,1495000,APARTMENT,PENTHOUSE,FOR_SALE,4,300,INSTALLED,,False,200,,,,False,AS_NEW
20669231,Brussels,1200,495000,APARTMENT,PENTHOUSE,FOR_SALE,2,115,HYPER_EQUIPPED,False,False,14,,,2,False,GOOD
20669394,Liège,4430,275000,HOUSE,TOWN_HOUSE,FOR_SALE,2,198,SEMI_EQUIPPED,False,False,,,179,3,False,TO_BE_DONE_UP
20658469,Antwerp,2100,349900,HOUSE,TOWN_HOUSE,FOR_SALE,4,186,INSTALLED,,False,,24,110,2,,GOOD
20665792,Brussels,1083,595000,HOUSE,TOWN_HOUSE,FOR_SALE,3,186,INSTALLED,,False,10,120,261,3,False,GOOD
20661442,Kortrijk,8530,245000,HOUSE,TOWN_HOUSE,FOR_SALE,4,169,INSTALLED,,False,10,,58,3,,GOOD
20662913,Brussels,1050,985000,HOUSE,TOWN_HOUSE,FOR_SALE,4,270,INSTALLED,,False,,52,140,2,False,GOOD
20650760,Mechelen,2500,350000,HOUSE,TOWN_HOUSE,FOR_SALE,3,183,INSTALLED,,False,10,278,370,2,,GOOD
20486198,Liège,4100,289000,HOUSE,TOWN_HOUSE,FOR_SALE,3,189,INSTALLED,,True,45,125,315,3,False,AS_NEW
20669493,Antwerp,2610,399000,HOUSE,TOWN_HOUSE,FOR_SALE,4,186,SEMI_EQUIPPED,,False,,,160,2,,GOOD
20669430,Brussels,1060,545000,APARTMENT,TRIPLEX,FOR_SALE,4,122,HYPER_EQUIPPED,False,False,6,,,2,False,GOOD
20665803,Huy,4540,369000,HOUSE,VILLA,FOR_SALE,3,193,INSTALLED,,False,43,1130,1241,4,,GOOD
20668627,Nivelles,1301,1145000,HOUSE,VILLA,FOR_SALE,5,400,HYPER_EQUIPPED,True,True,20,1960,2120,4,False,GOOD
20662868,Oostend,8420,1395000,HOUSE,VILLA,FOR_SALE,5,243,INSTALLED,False,False,,,847,,,GOOD
20665850,Oostend,8420,795000,HOUSE,VILLA,FOR_SALE,3,197,,False,False,,,1003,,,GOOD
20661215,Antwerp,2650,895000,HOUSE,VILLA,FOR_SALE,4,230,SEMI_EQUIPPED,,False,24,,710,4,,TO_BE_DONE_UP
20661775,Namur,5310,249000,HOUSE,VILLA,FOR_SALE,4,120,NOT_INSTALLED,False,False,,400,490,4,False,TO_RENOVATE
20669515,Charleroi,6240,399000,HOUSE,VILLA,FOR_SALE,3,,INSTALLED,,False,1,1,524,4,False,AS_NEW
20662862,Aalst,9450,599000,HOUSE,VILLA,FOR_SALE,4,270,INSTALLED,False,False,40,,4591,4,False,TO_BE_DONE_UP
20669643,Aalst,9450,599000,HOUSE,VILLA,FOR_SALE,4,270,INSTALLED,False,False,40,,4591,4,False,TO_BE_DONE_UP
20669321,Gent,9070,695000,HOUSE,VILLA,FOR_SALE,3,210,,False,False,,,1693,,,GOOD
20669188,Hasselt,3550,620000,HOUSE,VILLA,FOR_SALE,5,310,HYPER_EQUIPPED,,False,,,600,4,,
20669193,Kortrijk,8510,798000,HOUSE,VILLA,FOR_SALE,3,200,HYPER_EQUIPPED,,False,,,745,4,False,AS_NEW
20669529,Namur,5081,449000,HOUSE,VILLA,FOR_SALE,4,306,INSTALLED,,False,1,1,801,4,False,AS_NEW
20652756,Mechelen,2800,1650000,HOUSE,VILLA,FOR_SALE,4,412,INSTALLED,,True,25,550,1303,4,,JUST_RENOVATED
20668992,Mechelen,2800,1720000,HOUSE,VILLA,FOR_SALE,4,763,INSTALLED,,False,,,3470,4,,AS_NEW
20665423,Kortrijk,8560,750000,HOUSE,VILLA,FOR_SALE,0,473,,,False,80,400,880,,,GOOD
20669298,Charleroi,6230,380000,HOUSE,VILLA,FOR_SALE,4,118,,False,False,,1060,1372,4,False,
20669195,Oudenaarde,9600,339000,HOUSE,VILLA,FOR_SALE,3,200,SEMI_EQUIPPED,,False,,,3090,4,False,TO_RENOVATE
20588969,Antwerp,2970,989000,HOUSE,VILLA,FOR_SALE,3,287,,,False,,,1410,,,GOOD
20669490,,08380,273000,HOUSE,VILLA,FOR_SALE,5,318,INSTALLED,,True,1,1,823,4,False,AS_NEW
20667792,Gent,9051,1135000,HOUSE,VILLA,FOR_SALE,3,218,HYPER_EQUIPPED,,False,,2122,2122,,True,GOOD
20656660,Halle-Vilvoorde,1750,890000,HOUSE,VILLA,FOR_SALE,5,249,INSTALLED,,False,36,1480,1937,4,,GOOD
20669497,Soignies,7060,249000,HOUSE,VILLA,FOR_SALE,3,180,,False,False,,,580,4,False,
20665204,Charleroi,6280,299000,HOUSE,VILLA,FOR_SALE,3,95,INSTALLED,,True,15,250,570,4,,AS_NEW
20668626,Nivelles,1300,1145000,HOUSE,VILLA,FOR_SALE,5,400,HYPER_EQUIPPED,True,True,20,1960,2120,4,False,GOOD
20663057,Mechelen,2830,849000,HOUSE,VILLA,FOR_SALE,3,252,,,False,,390,723,4,True,AS_NEW
20657511,Antwerp,2980,475000,HOUSE,VILLA,FOR_SALE,5,185,SEMI_EQUIPPED,,True,40,1719,1955,4,,TO_RENOVATE
